Price,Close,High,Low,Open,Volume
Ticker,^SP500TR,^SP500TR,^SP500TR,^SP500TR,^SP500TR
Date,,,,,
1988-01-01,257.4700012207031,261.2099914550781,242.8699951171875,256.0199890136719,0
1988-02-01,269.4800109863281,269.4800109863281,250.10000610351562,255.50999450683594,0
1988-03-01,261.1499938964844,273.2699890136719,260.2799987792969,269.44000244140625,0
1988-04-01,264.0400085449219,274.1099853515625,258.4100036621094,258.4100036621094,0
1988-05-01,266.32000732421875,266.32000732421875,254.5800018310547,264.3299865722656,0
1988-06-01,278.5400085449219,280.4599914550781,269.55999755859375,270.95001220703125,0
1988-07-01,277.489990234375,281.04998779296875,267.760009765625,276.8599853515625,0
1988-08-01,268.07000732421875,278.67999267578125,263.17999267578125,277.760009765625,0
1988-09-01,279.489990234375,280.17999267578125,264.8500061035156,264.8500061035156,0
1988-10-01,287.2699890136719,291.8699951171875,278.3500061035156,279.0899963378906,0
1988-11-01,283.17999267578125,287.7099914550781,272.6000061035156,287.510009765625,0
1988-12-01,288.1199951171875,289.80999755859375,281.30999755859375,281.95001220703125,0
1989-01-01,309.2099914550781,309.2099914550781,285.6499938964844,285.6499938964844,0
1989-02-01,301.510009765625,311.92999267578125,299.55999755859375,308.8599853515625,0
1989-03-01,308.5400085449219,313.0299987792969,299.7699890136719,299.7699890136719,0
1989-04-01,324.55999755859375,324.55999755859375,309.2099914550781,310.2099914550781,0
1989-05-01,337.69000244140625,338.9200134277344,320.739990234375,324.1099853515625,0
1989-06-01,335.7799987792969,346.7200012207031,335.7799987792969,339.25,0
1989-07-01,366.1000061035156,366.1000061035156,337.19000244140625,337.19000244140625,0
1989-08-01,373.25,373.8500061035156,361.4700012207031,363.7699890136719,0
1989-09-01,371.739990234375,375.7799987792969,364.8299865722656,375.7799987792969,0
1989-10-01,363.1099853515625,383.3399963378906,355.489990234375,373.5899963378906,0
1989-11-01,370.510009765625,370.510009765625,355.19000244140625,364.010009765625,0
1989-12-01,379.4100036621094,379.4100036621094,367.2699890136719,375.5199890136719,0
1990-01-01,353.94000244140625,386.1600036621094,347.3800048828125,386.1600036621094,0
1990-02-01,358.5,361.2300109863281,349.8999938964844,353.67999267578125,0
1990-03-01,368.0,371.55999755859375,359.4599914550781,359.4599914550781,0
1990-04-01,358.82000732421875,373.6099853515625,356.8800048828125,366.7200012207031,0
1990-05-01,393.79998779296875,393.79998779296875,360.4800109863281,360.4800109863281,0
1990-06-01,391.1400146484375,400.6400146484375,384.5199890136719,395.94000244140625,0
1990-07-01,389.8900146484375,403.4599914550781,386.70001220703125,392.80999755859375,0
1990-08-01,354.6499938964844,389.2200012207031,337.2200012207031,389.2200012207031,0
1990-09-01,337.3900146484375,356.75,331.7900085449219,355.32000732421875,0
1990-10-01,335.95001220703125,347.6000061035156,326.0799865722656,347.29998779296875,0
1990-11-01,357.6700134277344,357.6700134277344,338.80999755859375,339.3500061035156,0
1990-12-01,367.6300048828125,368.9100036621094,360.0,360.0,0
1991-01-01,383.6400146484375,383.6400146484375,347.0199890136719,363.44000244140625,0
1991-02-01,411.0799865722656,413.239990234375,382.67999267578125,382.67999267578125,0
1991-03-01,421.0299987792969,422.2300109863281,411.0799865722656,414.9200134277344,0
1991-04-01,422.0299987792969,438.6499938964844,416.739990234375,416.739990234375,0
1991-05-01,440.239990234375,440.239990234375,415.42999267578125,427.5899963378906,0
1991-06-01,420.07000732421875,438.3800048828125,419.3599853515625,438.3800048828125,0
1991-07-01,439.6499938964844,439.6499938964844,422.7099914550781,427.7300109863281,0
1991-08-01,450.05999755859375,451.29998779296875,428.010009765625,438.8900146484375,0
1991-09-01,442.5299987792969,446.3900146484375,437.0299987792969,446.3900146484375,0
1991-10-01,448.4800109863281,449.04998779296875,430.2200012207031,444.0799865722656,0
1991-11-01,430.4100036621094,455.25,430.4100036621094,447.20001220703125,0
1991-12-01,479.6300048828125,479.6300048828125,433.2200012207031,437.6700134277344,0
1992-01-01,470.70001220703125,484.20001220703125,470.70001220703125,479.8399963378906,0
1992-02-01,476.7900085449219,481.3500061035156,470.32000732421875,471.67999267578125,0
1992-03-01,467.5199890136719,477.2799987792969,466.70001220703125,476.6600036621094,0
1992-04-01,481.25,482.5,457.1600036621094,468.1600036621094,0
1992-05-01,483.6000061035156,486.3500061035156,476.94000244140625,478.45001220703125,0
1992-06-01,476.4100036621094,486.0400085449219,467.5899963378906,486.0400085449219,0
1992-07-01,495.8699951171875,495.8699951171875,477.8699951171875,481.95001220703125,0
1992-08-01,485.7200012207031,497.04998779296875,481.489990234375,497.04998779296875,0
1992-09-01,491.42999267578125,499.6099853515625,486.4599914550781,488.2300109863281,0
1992-10-01,493.1300048828125,495.69000244140625,473.94000244140625,489.6600036621094,0
1992-11-01,509.9200134277344,509.9200134277344,491.70001220703125,498.0799865722656,0
1992-12-01,516.1799926757812,522.3800048828125,508.44000244140625,509.4200134277344,0
1993-01-01,520.489990234375,521.8699951171875,508.6099853515625,516.0,0
1993-02-01,527.5900268554688,533.8900146484375,513.5900268554688,525.030029296875,0
1993-03-01,538.719970703125,543.72998046875,526.0700073242188,526.0700073242188,0
1993-04-01,525.7000122070312,537.0900268554688,517.6799926757812,537.0900268554688,0
1993-05-01,539.760009765625,543.5399780273438,525.6799926757812,528.5499877929688,0
1993-06-01,541.3400268554688,544.4099731445312,532.1400146484375,544.2000122070312,0
1993-07-01,539.1599731445312,541.7000122070312,530.739990234375,539.5599975585938,0
1993-08-01,559.6199951171875,559.6199951171875,539.6500244140625,541.75,0
1993-09-01,555.3300170898438,559.2000122070312,547.7000122070312,559.2000122070312,0
1993-10-01,566.8200073242188,568.5700073242188,555.969970703125,558.239990234375,0
1993-11-01,561.4099731445312,568.489990234375,554.8200073242188,568.489990234375,0
1993-12-01,568.2000122070312,573.5999755859375,561.5800170898438,561.5800170898438,0
1994-01-01,587.52001953125,587.52001953125,567.0999755859375,567.0999755859375,0
1994-02-01,571.5700073242188,588.1900024414062,567.9099731445312,585.27001953125,0
1994-03-01,546.6500244140625,577.22998046875,546.3599853515625,568.3300170898438,0
1994-04-01,553.6599731445312,555.77001953125,538.3699951171875,538.3699951171875,0
1994-05-01,562.75,563.760009765625,543.2000122070312,556.4400024414062,0
1994-06-01,548.9600219726562,570.6799926757812,546.8499755859375,564.1900024414062,0
1994-07-01,566.97998046875,566.97998046875,551.469970703125,551.469970703125,0
1994-08-01,590.22998046875,590.9299926757812,566.0700073242188,570.5399780273438,0
1994-09-01,575.7999877929688,590.0800170898438,571.530029296875,587.4500122070312,0
1994-10-01,588.72998046875,590.3800048828125,563.280029296875,574.8200073242188,0
1994-11-01,567.2899780273438,583.97998046875,562.22998046875,583.97998046875,0
1994-12-01,575.7100219726562,579.530029296875,557.3300170898438,561.4299926757812,0
1995-01-01,590.6400146484375,590.6400146484375,575.52001953125,575.52001953125,0
1995-02-01,613.6500244140625,614.4000244140625,590.6500244140625,590.6500244140625,0
1995-03-01,631.760009765625,635.719970703125,607.47998046875,611.6400146484375,0
1995-04-01,650.3599853515625,650.3599853515625,633.3300170898438,633.3300170898438,0
1995-05-01,676.3599853515625,676.3599853515625,649.9500122070312,649.9500122070312,0
1995-06-01,692.0700073242188,699.6300048828125,669.7999877929688,676.530029296875,0
1995-07-01,715.02001953125,718.9500122070312,695.0800170898438,695.0800170898438,0
1995-08-01,716.8200073242188,716.8200073242188,707.1400146484375,711.9500122070312,0
1995-09-01,747.0700073242188,749.6599731445312,719.3400268554688,719.3400268554688,0
1995-10-01,744.4000244140625,755.8300170898438,738.1099853515625,743.6500244140625,0
1995-11-01,777.0700073242188,779.97998046875,748.010009765625,748.010009765625,0
1995-12-01,792.0399780273438,798.760009765625,778.6900024414062,779.1500244140625,0
1996-01-01,819.0,819.0,770.1099853515625,798.219970703125,0
1996-02-01,826.5900268554688,852.469970703125,818.969970703125,822.2999877929688,0
1996-03-01,834.5499877929688,846.6599731445312,818.1900024414062,831.7000122070312,0
1996-04-01,846.8499755859375,848.2100219726562,816.7000122070312,845.2000122070312,0
1996-05-01,868.6900024414062,880.4600219726562,826.6300048828125,847.489990234375,0
1996-06-01,872.010009765625,881.0900268554688,860.4000244140625,866.8300170898438,0
1996-07-01,833.47998046875,878.969970703125,815.77001953125,878.969970703125,0
1996-08-01,851.0599975585938,875.010009765625,846.77001953125,846.77001953125,0
1996-09-01,898.969970703125,898.969970703125,848.1500244140625,854.6300048828125,0
1996-10-01,923.760009765625,930.5499877929688,901.2899780273438,901.2899780273438,0
1996-11-01,993.5800170898438,993.5800170898438,921.9099731445312,921.9099731445312,0
1996-12-01,973.9000244140625,994.8499755859375,947.22998046875,993.0,0
1997-01-01,1034.739990234375,1034.739990234375,969.0499877929688,969.0499877929688,0
1997-02-01,1042.8499755859375,1075.8199462890625,1024.719970703125,1035.5899658203125,0
1997-03-01,1000.0,1073.6400146484375,1000.0,1048.780029296875,0
1997-04-01,1059.699951171875,1059.699951171875,974.9400024414062,1003.3300170898438,0
1997-05-01,1124.219970703125,1125.719970703125,1056.1300048828125,1056.1300048828125,0
1997-06-01,1174.5899658203125,1192.239990234375,1113.68994140625,1121.68994140625,0
1997-07-01,1268.050048828125,1268.050048828125,1182.5699462890625,1182.5699462890625,0
1997-08-01,1197.010009765625,1276.25,1197.010009765625,1258.5899658203125,0
1997-09-01,1262.56005859375,1272.949951171875,1215.4100341796875,1234.43994140625,0
1997-10-01,1220.4000244140625,1310.5999755859375,1169.68994140625,1273.510009765625,0
1997-11-01,1276.8900146484375,1286.68994140625,1209.8199462890625,1252.9599609375,0
1997-12-01,1298.8199462890625,1315.280029296875,1247.75,1302.8199462890625,0
1998-01-01,1313.18994140625,1320.1600341796875,1242.0999755859375,1305.0400390625,0
1998-02-01,1407.9000244140625,1407.9000244140625,1341.3199462890625,1341.3199462890625,0
1998-03-01,1480.0,1484.9200439453125,1389.27001953125,1405.72998046875,0
1998-04-01,1494.8900146484375,1519.6199951171875,1458.72998046875,1488.699951171875,0
1998-05-01,1469.18994140625,1508.77001953125,1469.18994140625,1507.3299560546875,0
1998-06-01,1528.8699951171875,1535.010009765625,1451.6500244140625,1469.4599609375,0
1998-07-01,1512.5899658203125,1601.0799560546875,1512.5899658203125,1548.77001953125,0
1998-08-01,1293.9000244140625,1501.530029296875,1293.9000244140625,1501.530029296875,0
1998-09-01,1376.7900390625,1442.6600341796875,1316.81005859375,1343.93994140625,0
1998-10-01,1488.780029296875,1488.780029296875,1299.43994140625,1335.3599853515625,0
1998-11-01,1579.02001953125,1617.949951171875,1505.3199462890625,1506.31005859375,0
1998-12-01,1670.010009765625,1687.030029296875,1549.6300048828125,1594.8699951171875,0
1999-01-01,1739.8399658203125,1739.8399658203125,1647.5699462890625,1668.52001953125,0
1999-02-01,1685.77001953125,1731.3199462890625,1654.239990234375,1730.81005859375,0
1999-03-01,1753.2099609375,1793.8499755859375,1668.3699951171875,1682.8599853515625,0
1999-04-01,1821.1099853515625,1858.2900390625,1758.18994140625,1763.31005859375,0
1999-05-01,1778.0999755859375,1866.8699951171875,1750.18994140625,1847.6300048828125,0
1999-06-01,1876.780029296875,1876.780029296875,1767.800048828125,1767.800048828125,0
1999-07-01,1818.1800537109375,1940.760009765625,1818.1800537109375,1888.1500244140625,0
1999-08-01,1809.18994140625,1892.8699951171875,1754.3299560546875,1817.27001953125,0
1999-09-01,1759.5899658203125,1860.1500244140625,1739.9200439453125,1824.199951171875,0
1999-10-01,1870.93994140625,1870.93994140625,1711.77001953125,1759.77001953125,0
1999-11-01,1908.969970703125,1957.8699951171875,1850.1300048828125,1858.8599853515625,0
1999-12-01,2021.4000244140625,2021.4000244140625,1921.489990234375,1921.489990234375,0
2000-01-01,1919.8399658203125,2016.6400146484375,1872.6099853515625,2002.1099853515625,0
2000-02-01,1883.5,1985.489990234375,1837.699951171875,1940.239990234375,0
2000-03-01,2067.760009765625,2107.280029296875,1869.3299560546875,1901.510009765625,0
2000-04-01,2005.550048828125,2092.8701171875,1872.550048828125,2077.969970703125,0
2000-05-01,1964.4000244140625,2027.4000244140625,1898.93994140625,2027.4000244140625,0
2000-06-01,2012.8299560546875,2055.840087890625,1994.3299560546875,2003.449951171875,0
2000-07-01,1981.3599853515625,2091.139892578125,1966.199951171875,2033.5799560546875,0
2000-08-01,2104.429931640625,2104.429931640625,1991.4300537109375,1991.4300537109375,0
2000-09-01,1993.3299560546875,2108.760009765625,1979.31005859375,2108.760009765625,0
2000-10-01,1984.9100341796875,1993.699951171875,1846.0799560546875,1992.93994140625,0
2000-11-01,1828.4200439453125,1989.18994140625,1828.4200439453125,1973.719970703125,0
2000-12-01,1837.3699951171875,1919.6500244140625,1759.6199951171875,1828.81005859375,0
2001-01-01,1902.550048828125,1913.1300048828125,1785.8599853515625,1785.8599853515625,0
2001-02-01,1729.0799560546875,1913.1099853515625,1729.0799560546875,1913.1099853515625,0
2001-03-01,1619.5400390625,1764.3900146484375,1559.6500244140625,1730.9200439453125,0
2001-04-01,1745.3900146484375,1750.97998046875,1540.1700439453125,1599.3599853515625,0
2001-05-01,1757.0899658203125,1836.02001953125,1741.3299560546875,1769.1199951171875,0
2001-06-01,1714.3199462890625,1795.9599609375,1691.5899658203125,1763.8699951171875,0
2001-07-01,1697.449951171875,1731.530029296875,1641.760009765625,1731.530029296875,0
2001-08-01,1591.1800537109375,1711.1700439453125,1584.77001953125,1704.239990234375,0
2001-09-01,1462.68994140625,1590.2900390625,1356.6099853515625,1590.2900390625,0
2001-10-01,1490.5799560546875,1553.260009765625,1459.3299560546875,1459.3299560546875,0
2001-11-01,1604.9200439453125,1629.760009765625,1524.9599609375,1524.9599609375,0
2001-12-01,1618.97998046875,1649.0,1577.5799560546875,1591.47998046875,0
2002-01-01,1595.3499755859375,1653.68994140625,1553.22998046875,1628.510009765625,0
2002-02-01,1564.5899658203125,1584.06005859375,1525.260009765625,1584.06005859375,0
2002-03-01,1623.4300537109375,1655.43994140625,1600.02001953125,1600.02001953125,0
2002-04-01,1525.0,1622.22998046875,1508.75,1622.22998046875,0
2002-05-01,1513.77001953125,1569.1700439453125,1486.5699462890625,1538.6500244140625,0
2002-06-01,1405.93994140625,1489.8800048828125,1382.780029296875,1476.260009765625,0
2002-07-01,1296.3399658203125,1405.199951171875,1133.989990234375,1375.8800048828125,0
2002-08-01,1304.8599853515625,1370.8499755859375,1187.0699462890625,1258.219970703125,0
2002-09-01,1163.0400390625,1296.25,1163.0400390625,1250.6800537109375,0
2002-10-01,1265.4100341796875,1284.72998046875,1108.9100341796875,1209.5899658203125,0
2002-11-01,1339.8900146484375,1343.469970703125,1252.4200439453125,1287.1300048828125,0
2002-12-01,1261.1800537109375,1337.3499755859375,1254.6600341796875,1337.3499755859375,0
2003-01-01,1228.1400146484375,1336.25,1212.22998046875,1303.1700439453125,0
2003-02-01,1209.7099609375,1234.7900390625,1174.4300537109375,1234.7900390625,0
2003-03-01,1221.4599609375,1289.739990234375,1152.1500244140625,1200.5999755859375,0
2003-04-01,1322.0699462890625,1324.6800537109375,1236.300048828125,1236.300048828125,0
2003-05-01,1391.719970703125,1391.719970703125,1321.3900146484375,1321.3900146484375,0
2003-06-01,1409.47998046875,1462.47998046875,1396.699951171875,1396.699951171875,0
2003-07-01,1434.3299560546875,1458.510009765625,1416.8800048828125,1421.030029296875,0
2003-08-01,1462.300048828125,1462.300048828125,1398.4200439453125,1419.6400146484375,0
2003-09-01,1446.77001953125,1509.469970703125,1446.77001953125,1482.6099853515625,0
2003-10-01,1528.6199951171875,1528.6199951171875,1479.22998046875,1479.22998046875,0
2003-11-01,1542.0699462890625,1542.3900146484375,1505.760009765625,1540.7099609375,0
2003-12-01,1622.93994140625,1622.93994140625,1544.31005859375,1559.5,0
2004-01-01,1652.72998046875,1687.43994140625,1618.050048828125,1618.050048828125,0
2004-02-01,1675.699951171875,1693.030029296875,1646.2900390625,1658.7900390625,0
2004-03-01,1650.4200439453125,1693.760009765625,1598.8499755859375,1691.9000244140625,0
2004-04-01,1624.510009765625,1686.239990234375,1624.510009765625,1659.1600341796875,0
2004-05-01,1646.800048828125,1647.6500244140625,1592.22998046875,1639.4599609375,0
2004-06-01,1678.8299560546875,1682.75,1641.4300537109375,1647.5699462890625,0
2004-07-01,1623.260009765625,1661.530029296875,1596.47998046875,1661.530029296875,0
2004-08-01,1629.8299560546875,1634.8299560546875,1567.949951171875,1630.47998046875,0
2004-09-01,1647.47998046875,1668.3900146484375,1630.6700439453125,1632.8199462890625,0
2004-10-01,1672.6500244140625,1688.8299560546875,1619.47998046875,1672.489990234375,0
2004-11-01,1740.3299560546875,1754.3299560546875,1673.1099853515625,1673.1099853515625,0
2004-12-01,1799.550048828125,1801.97998046875,1745.8399658203125,1766.9000244140625,0
2005-01-01,1755.6800537109375,1784.9599609375,1729.3299560546875,1784.9599609375,0
2005-02-01,1792.6300048828125,1804.1700439453125,1762.760009765625,1767.7900390625,0
2005-03-01,1760.8900146484375,1825.699951171875,1737.93994140625,1802.7900390625,0
2005-04-01,1727.489990234375,1777.3499755859375,1697.739990234375,1749.449951171875,0
2005-05-01,1782.4599609375,1793.3399658203125,1725.1500244140625,1735.4300537109375,0
2005-06-01,1784.989990234375,1822.3499755859375,1783.449951171875,1799.1500244140625,0
2005-07-01,1851.3699951171875,1865.6400146484375,1789.8499755859375,1789.8499755859375,0
2005-08-01,1834.47998046875,1868.06005859375,1810.52001953125,1853.1300048828125,0
2005-09-01,1849.3299560546875,1866.739990234375,1820.489990234375,1836.3699951171875,0
2005-10-01,1818.5,1846.1700439453125,1772.3599853515625,1846.1700439453125,0
2005-11-01,1887.280029296875,1914.4100341796875,1812.1099853515625,1812.1099853515625,0
2005-12-01,1887.93994140625,1923.43994140625,1887.93994140625,1910.22998046875,0
2006-01-01,1937.9300537109375,1958.56005859375,1909.3499755859375,1918.9599609375,0
2006-02-01,1943.18994140625,1963.5799560546875,1900.5799560546875,1941.75,0
2006-03-01,1967.3800048828125,1985.68994140625,1931.72998046875,1959.77001953125,0
2006-04-01,1993.7900390625,1994.22998046875,1954.25,1971.9300537109375,0
2006-05-01,1936.4100341796875,2017.3399658203125,1914.3800048828125,1985.550048828125,0
2006-06-01,1939.030029296875,1964.1099853515625,1866.9200439453125,1960.280029296875,0
2006-07-01,1951.0,1954.489990234375,1885.8199462890625,1954.489990234375,0
2006-08-01,1997.4200439453125,1998.0799560546875,1936.300048828125,1942.219970703125,0
2006-09-01,2048.889892578125,2053.929931640625,1982.9300537109375,2008.469970703125,0
2006-10-01,2115.64990234375,2132.389892578125,2041.989990234375,2041.989990234375,0
2006-11-01,2155.889892578125,2162.64990234375,2095.679931640625,2100.3701171875,0
2006-12-01,2186.1298828125,2199.14990234375,2149.85009765625,2149.85009765625,0
2007-01-01,2219.18994140625,2221.56005859375,2173.2900390625,2183.919921875,0
2007-02-01,2175.780029296875,2255.47998046875,2163.110107421875,2231.610107421875,0
2007-03-01,2200.1201171875,2225.260009765625,2125.340087890625,2170.169921875,0
2007-04-01,2297.580078125,2317.5,2205.85009765625,2205.85009765625,0
2007-05-01,2377.75,2377.75,2303.679931640625,2303.679931640625,0
2007-06-01,2338.25,2391.1298828125,2316.6298828125,2386.6298828125,0
2007-07-01,2265.75,2417.5,2265.75,2363.280029296875,0
2007-08-01,2299.7099609375,2333.239990234375,2193.39990234375,2282.300048828125,0
2007-09-01,2385.719970703125,2392.919921875,2266.510009765625,2323.830078125,0
2007-10-01,2423.669921875,2447.030029296875,2346.780029296875,2417.43994140625,0
2007-11-01,2322.340087890625,2379.050048828125,2205.489990234375,2360.2099609375,0
2007-12-01,2306.22998046875,2378.60009765625,2269.239990234375,2308.739990234375,0
2008-01-01,2167.89990234375,2273.409912109375,2060.14990234375,2273.409912109375,0
2008-02-01,2097.47998046875,2194.429931640625,2087.050048828125,2194.429931640625,0
2008-03-01,2088.419921875,2135.5400390625,2008.7099609375,2098.639892578125,0
2008-04-01,2190.1298828125,2209.25,2098.919921875,2163.3798828125,0
2008-05-01,2218.5,2258.739990234375,2179.050048828125,2228.090087890625,0
2008-06-01,2031.469970703125,2225.739990234375,2028.8900146484375,2195.27001953125,0
2008-07-01,2014.3900146484375,2040.81005859375,1929.8499755859375,2039.6600341796875,0
2008-08-01,2043.530029296875,2076.590087890625,1985.22998046875,2003.1600341796875,0
2008-09-01,1861.43994140625,2035.239990234375,1765.719970703125,2035.239990234375,0
2008-10-01,1548.81005859375,1853.260009765625,1356.780029296875,1853.260009765625,0
2008-11-01,1437.6800537109375,1608.0,1206.0400390625,1544.9100341796875,0
2008-12-01,1452.97998046875,1466.8699951171875,1309.3900146484375,1309.3900146484375,0
2009-01-01,1330.510009765625,1503.8699951171875,1296.6300048828125,1499.1700439453125,0
2009-02-01,1188.8399658203125,1403.18994140625,1188.8399658203125,1329.81005859375,0
2009-03-01,1292.97998046875,1349.3699951171875,1095.0400390625,1133.4300537109375,0
2009-04-01,1416.72998046875,1442.2900390625,1270.1800537109375,1293.22998046875,0
2009-05-01,1495.969970703125,1510.800048828125,1405.77001953125,1416.75,0
2009-06-01,1498.93994140625,1557.8499755859375,1448.77001953125,1495.969970703125,0
2009-07-01,1612.31005859375,1627.3299560546875,1418.5,1499.1099853515625,0
2009-08-01,1670.52001953125,1701.3399658203125,1600.1199951171875,1612.3199462890625,0
2009-09-01,1732.8599853515625,1770.02001953125,1624.2099609375,1670.5899658203125,0
2009-10-01,1700.6700439453125,1807.0799560546875,1672.050048828125,1732.6800537109375,0
2009-11-01,1802.6800537109375,1830.1400146484375,1689.489990234375,1700.719970703125,0
2009-12-01,1837.5,1862.18994140625,1787.72998046875,1803.0999755859375,0
2010-01-01,1771.4000244140625,1896.97998046875,1767.25,1867.06005859375,0
2010-02-01,1826.27001953125,1838.4100341796875,1723.4599609375,1796.6700439453125,0
2010-03-01,1936.47998046875,1954.530029296875,1826.27001953125,1826.27001953125,0
2010-04-01,1967.050048828125,2021.4100341796875,1938.0799560546875,1938.0799560546875,0
2010-05-01,1809.97998046875,1997.6600341796875,1727.9000244140625,1967.510009765625,0
2010-06-01,1715.22998046875,1881.4200439453125,1711.1800537109375,1810.010009765625,0
2010-07-01,1835.4000244140625,1867.280029296875,1682.2099609375,1715.22998046875,0
2010-08-01,1752.550048828125,1882.43994140625,1735.5699462890625,1837.68994140625,0
2010-09-01,1908.949951171875,1935.219970703125,1754.8599853515625,1754.8599853515625,0
2010-10-01,1981.5899658203125,2002.5799560546875,1893.18994140625,1911.0999755859375,0
2010-11-01,1981.8399658203125,2055.75,1966.8199462890625,1983.550048828125,0
2010-12-01,2114.2900390625,2122.18994140625,1986.3499755859375,1986.3499755859375,0
2011-01-01,2164.39990234375,2192.139892578125,2115.969970703125,2115.969970703125,0
2011-02-01,2238.550048828125,2265.6298828125,2165.77001953125,2165.77001953125,0
2011-03-01,2239.43994140625,2249.169921875,2121.93994140625,2239.1201171875,0
2011-04-01,2305.760009765625,2307.320068359375,2188.469970703125,2239.449951171875,0
2011-05-01,2279.659912109375,2317.550048828125,2221.909912109375,2305.760009765625,0
2011-06-01,2241.659912109375,2279.659912109375,2133.969970703125,2279.659912109375,0
2011-07-01,2196.080078125,2303.72998046875,2180.070068359375,2241.659912109375,0
2011-08-01,2076.780029296875,2221.739990234375,1901.050048828125,2196.60009765625,0
2011-09-01,1930.7900390625,2094.489990234375,1900.5699462890625,2077.159912109375,0
2011-10-01,2141.81005859375,2208.8798828125,1834.2099609375,1930.4300537109375,0
2011-11-01,2137.080078125,2184.080078125,1984.1800537109375,2137.8798828125,0
2011-12-01,2158.93994140625,2178.429931640625,2062.530029296875,2137.080078125,0
2012-01-01,2255.68994140625,2291.580078125,2158.929931640625,2158.929931640625,0
2012-02-01,2353.22998046875,2374.110107421875,2255.760009765625,2255.760009765625,0
2012-03-01,2430.669921875,2448.159912109375,2309.510009765625,2353.22998046875,0
2012-04-01,2415.419921875,2454.6298828125,2344.159912109375,2430.679931640625,0
2012-05-01,2270.25,2445.47998046875,2236.72998046875,2415.409912109375,0
2012-06-01,2363.7900390625,2364.469970703125,2194.889892578125,2270.25,0
2012-07-01,2396.6201171875,2418.090087890625,2301.929931640625,2364.090087890625,0
2012-08-01,2450.60009765625,2483.8701171875,2354.1298828125,2396.610107421875,0
2012-09-01,2513.929931640625,2571.340087890625,2433.2900390625,2450.5400390625,0
2012-10-01,2467.510009765625,2567.679931640625,2451.699951171875,2514.320068359375,0
2012-11-01,2481.820068359375,2506.340087890625,2351.85009765625,2467.510009765625,0
2012-12-01,2504.43994140625,2540.68994140625,2450.780029296875,2481.820068359375,0
2013-01-01,2634.159912109375,2654.1201171875,2504.449951171875,2504.449951171875,0
2013-02-01,2669.919921875,2696.260009765625,2616.669921875,2634.159912109375,0
2013-03-01,2770.050048828125,2771.929931640625,2646.72998046875,2669.919921875,0
2013-04-01,2823.419921875,2823.419921875,2714.22998046875,2770.06005859375,0
2013-05-01,2889.4599609375,2987.60009765625,2794.639892578125,2823.429931640625,0
2013-06-01,2850.659912109375,2933.989990234375,2768.159912109375,2891.179931640625,0
2013-07-01,2995.719970703125,3018.260009765625,2848.610107421875,2856.8798828125,0
2013-08-01,2908.9599609375,3038.6298828125,2898.570068359375,3002.580078125,0
2013-09-01,3000.179931640625,3085.02001953125,2909.89990234375,2914.419921875,0
2013-10-01,3138.090087890625,3171.199951171875,2939.669921875,3001.919921875,0
2013-11-01,3233.719970703125,3247.56005859375,3122.469970703125,3141.949951171875,0
2013-12-01,3315.590087890625,3317.239990234375,3169.1298828125,3235.179931640625,0
2014-01-01,3200.949951171875,3321.889892578125,3179.25,3311.580078125,0
2014-02-01,3347.3798828125,3362.6201171875,3121.85009765625,3201.1201171875,0
2014-03-01,3375.510009765625,3395.0,3302.570068359375,3344.360107421875,0
2014-04-01,3400.4599609375,3421.22998046875,3273.739990234375,3378.659912109375,0
2014-05-01,3480.2900390625,3481.10009765625,3358.8798828125,3401.47998046875,0
2014-06-01,3552.179931640625,3565.47998046875,3466.989990234375,3481.14990234375,0
2014-07-01,3503.18994140625,3612.27001953125,3503.18994140625,3556.56005859375,0
2014-08-01,3643.330078125,3644.830078125,3458.43994140625,3501.610107421875,0
2014-09-01,3592.25,3676.159912109375,3577.030029296875,3644.77001953125,0
2014-10-01,3679.989990234375,3680.219970703125,3319.830078125,3591.02001953125,0
2014-11-01,3778.9599609375,3792.14990234375,3648.969970703125,3680.31005859375,0
2014-12-01,3769.43994140625,3832.3701171875,3608.739990234375,3775.8701171875,0
2015-01-01,3656.280029296875,3794.52001953125,3642.5,3776.489990234375,0
2015-02-01,3866.419921875,3893.43994140625,3630.699951171875,3659.449951171875,0
2015-03-01,3805.27001953125,3890.52001953125,3750.2900390625,3867.97998046875,0
2015-04-01,3841.780029296875,3915.3701171875,3769.8798828125,3805.27001953125,0
2015-05-01,3891.179931640625,3939.4599609375,3811.27001953125,3845.22998046875,0
2015-06-01,3815.85009765625,3937.3701171875,3803.31005859375,3893.8798828125,0
2015-07-01,3895.800048828125,3947.72998046875,3781.6298828125,3823.97998046875,0
2015-08-01,3660.75,3913.72998046875,3464.030029296875,3897.010009765625,0
2015-09-01,3570.169921875,3755.469970703125,3480.5400390625,3657.0400390625,0
2015-10-01,3871.330078125,3899.1298828125,3522.14990234375,3569.719970703125,0
2015-11-01,3882.840087890625,3940.510009765625,3765.580078125,3873.93994140625,0
2015-12-01,3821.60009765625,3928.489990234375,3723.719970703125,3887.860107421875,0
2016-01-01,3631.9599609375,3811.739990234375,3391.77001953125,3811.739990234375,0
2016-02-01,3627.06005859375,3684.389892578125,3393.429931640625,3625.889892578125,0
2016-03-01,3873.110107421875,3896.5,3636.25,3636.25,0
2016-04-01,3888.1298828125,3973.530029296875,3826.77001953125,3867.280029296875,0
2016-05-01,3957.949951171875,3970.22998046875,3821.530029296875,3891.679931640625,0
2016-06-01,3968.2099609375,4004.68994140625,3764.35009765625,3952.929931640625,0
2016-07-01,4114.509765625,4121.10986328125,3923.64990234375,3969.85009765625,0
2016-08-01,4120.2900390625,4160.490234375,4065.3798828125,4113.66015625,0
2016-09-01,4121.06005859375,4153.66015625,4023.889892578125,4121.06005859375,0
2016-10-01,4045.889892578125,4126.35986328125,4022.6201171875,4114.08984375,0
2016-11-01,4195.72998046875,4224.89990234375,3967.3798828125,4050.739990234375,0
2016-12-01,4278.66015625,4348.89013671875,4174.22021484375,4198.490234375,0
2017-01-01,4359.81005859375,4401.56982421875,4290.85009765625,4303.1201171875,0
2017-02-01,4532.93017578125,4547.919921875,4347.68994140625,4373.64990234375,0
2017-03-01,4538.2099609375,4605.27001953125,4459.5,4565.3798828125,0
2017-04-01,4584.81982421875,4611.16015625,4477.06005859375,4537.7099609375,0
2017-05-01,4649.33984375,4660.4599609375,4532.4501953125,4593.10986328125,0
2017-06-01,4678.35986328125,4735.10986328125,4644.06982421875,4657.330078125,0
2017-07-01,4774.56005859375,4800.75,4651.2099609375,4694.18994140625,0
2017-08-01,4789.18017578125,4816.97021484375,4680.52978515625,4787.72998046875,0
2017-09-01,4887.97021484375,4888.0,4741.0498046875,4794.85986328125,0
2017-10-01,5002.02978515625,5016.43017578125,4890.02978515625,4891.56005859375,0
2017-11-01,5155.43994140625,5174.64013671875,4974.3798828125,5017.47021484375,0
2017-12-01,5212.759765625,5251.39013671875,5074.14013671875,5150.830078125,0
2018-01-01,5511.2099609375,5606.080078125,5230.06005859375,5232.72021484375,0
2018-02-01,5308.08984375,5535.85009765625,4947.990234375,5497.919921875,0
2018-03-01,5173.18994140625,5484.35986328125,5064.43017578125,5311.6201171875,0
2018-04-01,5193.0400390625,5327.6201171875,5002.7099609375,5158.7001953125,0
2018-05-01,5318.10009765625,5387.3798828125,5089.08984375,5184.419921875,0
2018-06-01,5350.830078125,5490.3701171875,5298.64990234375,5344.990234375,0
2018-07-01,5549.9599609375,5611.490234375,5312.83984375,5324.64990234375,0
2018-08-01,5730.7998046875,5758.83984375,5511.2998046875,5559.580078125,0
2018-09-01,5763.419921875,5814.9501953125,5660.0498046875,5722.31982421875,0
2018-10-01,5369.490234375,5814.81982421875,5155.6201171875,5787.81005859375,0
2018-11-01,5478.91015625,5577.68017578125,5219.6201171875,5381.2001953125,0
2018-12-01,4984.22021484375,5558.16015625,4664.08984375,5539.1201171875,0
2019-01-01,5383.6298828125,5393.259765625,4860.85986328125,4924.81005859375,0
2019-02-01,5556.490234375,5611.669921875,5343.240234375,5380.81005859375,0
2019-03-01,5664.4599609375,5714.14013671875,5435.02978515625,5584.18994140625,0
2019-04-01,5893.81005859375,5901.0,5692.9501953125,5692.9501953125,0
2019-05-01,5519.27001953125,5910.3798828125,5516.330078125,5906.8701171875,0
2019-06-01,5908.25,5952.02978515625,5473.2099609375,5518.27001953125,0
2019-07-01,5993.169921875,6088.080078125,5949.0400390625,5953.6298828125,0
2019-08-01,5898.22998046875,6060.5498046875,5676.31005859375,5993.64013671875,0
2019-09-01,6008.58984375,6097.4501953125,5829.080078125,5863.47021484375,0
2019-10-01,6138.72998046875,6162.58984375,5766.4501953125,6022.89013671875,0
2019-11-01,6361.56005859375,6386.7998046875,6165.85986328125,6165.85986328125,0
2019-12-01,6553.56982421875,6586.85009765625,6219.0,6367.58984375,0
2020-01-01,6551.0,6776.35009765625,6522.33984375,6582.5498046875,0
2020-02-01,6011.72998046875,6901.419921875,5811.5498046875,6571.68017578125,0
2020-03-01,5269.2001953125,6383.330078125,4466.72021484375,6052.68994140625,0
2020-04-01,5944.68017578125,6031.080078125,4989.72998046875,5092.85009765625,0
2020-05-01,6227.81005859375,6276.60009765625,5654.22998046875,5856.8701171875,0
2020-06-01,6351.669921875,6615.5498046875,6073.52001953125,6216.7998046875,0
2020-07-01,6709.81005859375,6725.830078125,6353.66015625,6363.41015625,0
2020-08-01,7192.10986328125,7221.830078125,6737.72021484375,6745.169921875,0
2020-09-01,6918.830078125,7373.35009765625,6602.35986328125,7206.89990234375,0
2020-10-01,6734.83984375,7307.5498046875,6660.68994140625,6966.6298828125,0
2020-11-01,7472.06005859375,7517.66015625,6755.1298828125,6788.9599609375,0
2020-12-01,7759.35009765625,7767.169921875,7500.47998046875,7522.2998046875,0
2021-01-01,7681.009765625,8001.990234375,7567.080078125,7777.41015625,0
2021-02-01,7892.81005859375,8175.830078125,7704.89013671875,7716.0400390625,0
2021-03-01,8238.48046875,8282.990234375,7712.97021484375,7957.9599609375,0
2021-04-01,8678.16015625,8755.5,8279.75,8279.75,0
2021-05-01,8738.76953125,8799.099609375,8424.4501953125,8700.6201171875,0
2021-06-01,8942.7802734375,8952.48046875,8663.7802734375,8764.830078125,0
2021-07-01,9155.2099609375,9226.73046875,8814.4697265625,8950.1103515625,0
2021-08-01,9433.580078125,9463.0302734375,9106.7001953125,9179.400390625,0
2021-09-01,8994.830078125,9483.830078125,8988.4404296875,9446.98046875,0
2021-10-01,9625.01953125,9630.580078125,8935.7802734375,9014.98046875,0
2021-11-01,9558.330078125,9925.669921875,9544.4697265625,9636.0595703125,0
2021-12-01,9986.7001953125,10075.650390625,9410.8203125,9634.1103515625,0
2022-01-01,9469.919921875,10097.2998046875,8854.41015625,10011.8095703125,0
2022-02-01,9186.3701171875,9637.3095703125,8639.9404296875,9478.400390625,0
2022-03-01,9527.4599609375,9750.4404296875,8735.51953125,9163.9296875,0
2022-04-01,8696.650390625,9661.6298828125,8680.7099609375,9548.3095703125,0
2022-05-01,8712.599609375,9066.509765625,8030.43994140625,8693.9296875,0
2022-06-01,7993.43017578125,8810.5,7676.7998046875,8749.5,0
2022-07-01,8730.4599609375,8751.16015625,7863.5498046875,7984.4599609375,0
2022-08-01,8374.419921875,9150.33984375,8374.08984375,8690.259765625,0
2022-09-01,7603.14013671875,8726.8701171875,7599.97021484375,8336.9296875,0
2022-10-01,8218.7001953125,8288.849609375,7408.6298828125,7655.14013671875,0
2022-11-01,8678.0,8678.0,7851.830078125,8279.9404296875,0
2022-12-01,8178.02001953125,8727.1298828125,8015.830078125,8693.83984375,0
2023-01-01,8691.8798828125,8728.099609375,8082.330078125,8207.6904296875,0
2023-02-01,8479.7998046875,8945.669921875,8420.1904296875,8678.009765625,0
2023-03-01,8791.1298828125,8794.2099609375,8141.259765625,8465.76953125,0
2023-04-01,8928.349609375,8929.3798828125,8670.0498046875,8775.9296875,0
2023-05-01,8967.16015625,9075.0703125,8670.0703125,8922.6201171875,0
2023-06-01,9559.669921875,9577.0703125,8951.25,8975.669921875,0
2023-07-01,9866.76953125,9904.2900390625,9421.740234375,9560.3701171875,0
2023-08-01,9709.6796875,9857.5595703125,9333.9599609375,9845.2197265625,0
2023-09-01,9246.740234375,9782.23046875,9138.740234375,9759.599609375,0
2023-10-01,9052.3095703125,9480.3095703125,8857.0302734375,9239.16015625,0
2023-11-01,9879.01953125,9918.91015625,9060.8701171875,9068.490234375,0
2023-12-01,10327.830078125,10377.9697265625,9834.349609375,9861.75,0
2024-01-01,10501.3798828125,10686.009765625,10139.98046875,10274.8095703125,0
2024-02-01,11062.1103515625,11090.2001953125,10519.33984375,10535.4296875,0
2024-03-01,11418.0302734375,11440.740234375,10978.0595703125,11067.6103515625,0
2024-04-01,10951.66015625,11438.5703125,10772.0400390625,11425.919921875,0
2024-05-01,11494.7001953125,11628.9296875,10899.4501953125,10937.259765625,0
2024-06-01,11907.150390625,12044.48046875,11402.0,11538.849609375,0
2024-07-01,12052.08984375,12369.9599609375,11764.240234375,11930.6298828125,0
2024-08-01,12344.4296875,12349.5302734375,11174.6396484375,12086.490234375,0
2024-09-01,12608.0703125,12613.73046875,11810.8896484375,12292.099609375,0
2024-10-01,12493.740234375,12866.23046875,12415.98046875,12598.0302734375,0
2024-11-01,13227.1298828125,13252.58984375,12475.4296875,12533.1904296875,0
2024-12-01,12911.8203125,13379.759765625,12801.9296875,13245.66015625,0
